"","assembly_accession","bioproject_accession","biosample_common_name","biosample_description","tax_id","organism_name","source_db","biosample_owner","biosample_host","biosample_location","biosample_isolation","biosample_ecotype","assembly_level","contig_l50","contig_n50","gaps_between_scaffolds","atgc_count","gc_percent","genome_coverage","component_sequences","contigs","organelles","scaffolds","scaffold_l50","scaffold_n50","chromosomes","sequence_length","ungapped_length","organelle_description","organelle_sequence_length","is_SO","rank1","rank2","rank3","rank4","rank5","rank6","rank7","len_ratio","keep"
"1","GCF_000219625.1","PRJNA19047",NA,"Zymoseptoria tritici IPO323","336722","Zymoseptoria tritici IPO323","REFSEQ","DOE Joint Genome Institute",NA,"missing",NA,NA,"Chromosome",6,2665280,NA,39678910,52,8.9,24,24,NA,21,6,2674951,21,39686251,39678910,NA,NA,FALSE,"Eukaryota","Ascomycota","Dothideomycetes","Mycosphaerellales","Mycosphaerellaceae","Zymoseptoria","Zymoseptoria tritici",0.999815024099908,FALSE
"2","GCF_000002325.3","PRJNA13660",NA,"Nasonia vitripennis","7425","Nasonia vitripennis","REFSEQ","Baylor College of Medicine, Human Genome Sequencing Center",NA,NA,NA,NA,"Chromosome",3400,18840,71,NA,NA,6,26593,25484,NA,6169,71,708988,5,295780872,238616307,NA,NA,FALSE,"Eukaryota","Arthropoda","Insecta","Hymenoptera","Pteromalidae","Nasonia","Nasonia vitripennis",0.806733394849144,FALSE
"3","GCF_002162155.2","PRJNA310175",NA,"Triticum dicoccoides","85692","Triticum dicoccoides","REFSEQ","The Institute for Cereal Crops Improvement, Tel Aviv University",NA,"Israel: Aaron Aaronsohn experimental farm Atlit",NA,"Zavitan","Chromosome",53280,57368,NA,10323492877,46,176,148296,492885,NA,148296,7,747227478,14,10677097747,10323492877,NA,NA,FALSE,"Eukaryota","Streptophyta","Magnoliopsida","Poales","Poaceae","Triticum","Triticum dicoccoides",0.966881930054508,FALSE
"4","GCF_000090745.2","PRJNA18787",NA,"Anolis carolinensis","28377","Anolis carolinensis","REFSEQ","Broad Institute of MIT and Harvard",NA,"USA",NA,NA,"Chromosome",6217,79867,189,1701336547,40.5,7.1,41986,41986,NA,6645,119,4033265,13,1799126364,1701336547,NA,NA,FALSE,"Eukaryota","Chordata","Lepidosauria","Squamata","Dactyloidae","Anolis","Anolis carolinensis",0.945645942966127,FALSE
"5","GCA_000002945.3","PRJNA13836",NA,"Schizosaccharomyces pombe","4896","Schizosaccharomyces pombe","GENBANK","EBI",NA,NA,NA,NA,"Chromosome",2,2923134,NA,12571418,36,8,3,7,NA,3,2,4539804,3,12571820,12571420,NA,NA,FALSE,"Eukaryota","Ascomycota","Schizosaccharomycetes","Schizosaccharomycetales","Schizosaccharomycetaceae","Schizosaccharomyces","Schizosaccharomyces pombe",0.999968182808853,FALSE
"6","GCA_024972935.1","PRJNA699892",NA,"Saccharomyces cerevisiae","4932","Saccharomyces cerevisiae","GENBANK","Kayta Spa","not applicable","not applicable",NA,NA,"Complete Genome",6,924372,NA,12070222,38.5,0.974,16,16,NA,16,6,924372,16,12070222,12070222,NA,NA,FALSE,"Eukaryota","Ascomycota","Saccharomycetes","Saccharomycetales","Saccharomycetaceae","Saccharomyces","Saccharomyces cerevisiae",1,FALSE
"7","GCA_024972955.1","PRJNA699892",NA,"Saccharomyces cerevisiae","4932","Saccharomyces cerevisiae","GENBANK","Kayta Spa","Vitis vinifera","not collected",NA,NA,"Complete Genome",6,924374,NA,12070319,38.5,0.976,16,16,NA,16,6,924374,16,12070319,12070319,NA,NA,FALSE,"Eukaryota","Ascomycota","Saccharomycetes","Saccharomycetales","Saccharomycetaceae","Saccharomyces","Saccharomyces cerevisiae",1,FALSE
"8","GCA_040746905.1","PRJNA607328",NA,"Saccharomyces cerevisiae","4932","Saccharomyces cerevisiae","GENBANK","Lawrence Berkeley National Lab","missing","missing",NA,NA,"Chromosome",7,721714,NA,12293729,38.5,1.88,16,22,NA,16,6,915574,16,12294329,12293729,NA,NA,FALSE,"Eukaryota","Ascomycota","Saccharomycetes","Saccharomycetales","Saccharomycetaceae","Saccharomyces","Saccharomyces cerevisiae",0.99995119701124,FALSE
"9","GCA_000260735.2","PRJDA45827",NA,"Saccharomyces cerevisiae Kyokai no. 7","721032","Saccharomyces cerevisiae Kyokai no. 7","GENBANK","DDBJ",NA,NA,NA,NA,"Chromosome",33,120978,NA,12370866,38.5,9.1,705,705,NA,522,6,902266,16,12389166,12370866,NA,NA,FALSE,"Eukaryota","Ascomycota","Saccharomycetes","Saccharomycetales","Saccharomycetaceae","Saccharomyces","Saccharomyces cerevisiae",0.998522902994439,FALSE
"10","GCA_000219625.1","PRJNA19047",NA,"Zymoseptoria tritici IPO323","336722","Zymoseptoria tritici IPO323","GENBANK","DOE Joint Genome Institute",NA,"missing",NA,NA,"Chromosome",6,2665280,NA,39678910,52,8.9,24,24,NA,21,6,2674951,21,39686251,39678910,NA,NA,FALSE,"Eukaryota","Ascomycota","Dothideomycetes","Mycosphaerellales","Mycosphaerellaceae","Zymoseptoria","Zymoseptoria tritici",0.999815024099908,FALSE
"11","GCA_004010195.1","PRJNA478295",NA,"Chiloscyllium plagiosum","36176","Chiloscyllium plagiosum","GENBANK","BGI",NA,"China: Fujian","bamboo shark captured from coastal area",NA,"Chromosome",25901,37239,NA,3572302979,42.5,280,601049,756729,NA,601049,18,72140027,51,3776550609,3572319349,NA,NA,FALSE,"Eukaryota","Chordata","Chondrichthyes","Orectolobiformes","Hemiscylliidae","Chiloscyllium","Chiloscyllium plagiosum",0.945921217231065,FALSE
"12","GCA_051110555.1","PRJNA1076684",NA,"Neosalangichthys ishikawae","2905919","Neosalangichthys ishikawae","GENBANK","Institute of Oceanology, Chinese Academy of Sciences",NA,"Japan:Kesennuma,Miyagi",NA,"missing","Chromosome",52057,2208,NA,533625773,47.5,26,284904,444382,NA,284904,17,13370259,28,549573573,533625773,NA,NA,FALSE,"Eukaryota","Chordata","Actinopteri","Osmeriformes","Salangidae","Neosalangichthys","Neosalangichthys ishikawae",0.970981501324846,FALSE
"13","GCA_000002275.2","PRJNA12885",NA,"Ornithorhynchus anatinus","9258","Ornithorhynchus anatinus","GENBANK","Washington University School of Medicine, Genome Sequencing Center",NA,"Australia: Upper Barnard River on Glen Rock Station, New South Wales",NA,NA,"Chromosome",39593,11544,NA,1842233804,45.5,NA,445348,445367,NA,201524,182,991605,19,1996809494,1842233804,NA,NA,FALSE,"Eukaryota","Chordata","Mammalia","Monotremata","Ornithorhynchidae","Ornithorhynchus","Ornithorhynchus anatinus",0.922588664334546,FALSE
"14","GCA_028646575.1","PRJNA512907",NA,"Pseudocheirus occidentalis","656515","Pseudocheirus occidentalis","GENBANK","Baylor College of Medicine",NA,"not collected","not collected","not collected","Chromosome",39426,24464,NA,3569373229,39,60,917762,1001302,NA,917762,7,213462136,10,3603728918,3569373229,NA,NA,FALSE,"Eukaryota","Chordata","Mammalia","Diprotodontia","Pseudocheiridae","Pseudocheirus","Pseudocheirus occidentalis",0.990466627823086,FALSE
"15","GCA_019857665.1","PRJNA578591",NA,"Eleutherodactylus coqui","57060","Eleutherodactylus coqui","GENBANK","University of California, Berkeley",NA,"USA: Hawaii",NA,NA,"Chromosome",54726,10856,NA,2367745337,43.5,240,105233,480031,NA,105233,8,109467076,13,2789347782,2367748577,NA,NA,FALSE,"Eukaryota","Chordata","Amphibia","Anura","Eleutherodactylidae","Eleutherodactylus","Eleutherodactylus coqui",0.848853840413651,FALSE
"16","GCA_000218505.1","PRJNA63667",NA,"Schrenkiella parvula","98039","Schrenkiella parvula","GENBANK","University of Illinois",NA,NA,NA,NA,"Chromosome",8,5288824,6,137069906,35.5,6,1490,1490,NA,1463,6,9613411,7,137073209,137069909,NA,NA,FALSE,"Eukaryota","Streptophyta","Magnoliopsida","Brassicales","Brassicaceae","Schrenkiella","Schrenkiella parvula",0.999975925273625,FALSE
"17","GCA_028646515.1","PRJNA512907",NA,"Pseudochirops corinnae","65629","Pseudochirops corinnae","GENBANK","Baylor College of Medicine",NA,"not collected","not collected","not collected","Chromosome",35895,26949,NA,3469609741,39,75,551799,635686,NA,551799,5,209248263,8,3503377836,3469609741,NA,NA,FALSE,"Eukaryota","Chordata","Mammalia","Diprotodontia","Pseudocheiridae","Pseudochirops","Pseudochirops corinnae",0.990361275151939,FALSE
"18","GCA_026119655.1","PRJNA874211",NA,"Cranoglanis bouderius","175798","Cranoglanis bouderius","GENBANK","Shou(SHANGHAI OCEAN UNIVERSITY)",NA,NA,NA,NA,"Chromosome",178161,1228,NA,774233271,39.5,75,470,1311571,NA,470,17,22384048,38,998572967,774233435,NA,NA,FALSE,"Eukaryota","Chordata","Actinopteri","Siluriformes","Cranoglanididae","Cranoglanis","Cranoglanis bouderius",0.775339870581536,FALSE
"19","GCA_028627135.1","PRJNA512907",NA,"Pseudochirops cupreus","37702","Pseudochirops cupreus","GENBANK","Baylor College of Medicine",NA,"not collected","not collected","not collected","Chromosome",34608,27966,NA,3546540507,39,79,1056511,1136014,NA,1056511,4,425237964,5,3579892125,3546540507,NA,NA,FALSE,"Eukaryota","Chordata","Mammalia","Diprotodontia","Pseudocheiridae","Pseudochirops","Pseudochirops cupreus",0.990683624859227,FALSE
"20","GCA_025370935.1","PRJNA737804",NA,"Choristoneura fumiferana","7141","Choristoneura fumiferana","GENBANK","Laurentian Forestry Centre","Abies balsamea","Canada: Ontario","GLFC SBW rearing",NA,"Chromosome",1414,107887,NA,562095621,38,1,334,9379,NA,334,12,20615616,30,575343295,562095912,NA,NA,FALSE,"Eukaryota","Arthropoda","Insecta","Lepidoptera","Tortricidae","Choristoneura","Choristoneura fumiferana",0.976974819876888,FALSE
"21","GCA_015741225.1","PRJNA512907",NA,"Hydrochoerus hydrochaeris","10149","Hydrochoerus hydrochaeris","GENBANK","Baylor College of Medicine",NA,"not collected","not collected","not collected","Chromosome",8795,78808,NA,2576577463,40,74,343877,384170,NA,343877,15,71052467,33,2590838763,2576577463,NA,NA,FALSE,"Eukaryota","Chordata","Mammalia","Rodentia","Hydrochaeridae","Hydrochoerus","Hydrochoerus hydrochaeris",0.99449548918147,FALSE
"22","GCA_015598185.1","PRJNA576333",NA,"Tachyglossus aculeatus","9261","Tachyglossus aculeatus","GENBANK","BGI",NA,NA,NA,NA,"Chromosome",19795,25012,NA,1989730532,44.5,76,318768,472589,NA,318768,18,38566698,5,2168405530,1989765954,NA,NA,FALSE,"Eukaryota","Chordata","Mammalia","Monotremata","Tachyglossidae","Tachyglossus","Tachyglossus aculeatus",0.917617081524414,FALSE
"23","GCA_000180615.2","PRJNA1434",NA,"Takifugu rubripes","31033","Takifugu rubripes","GENBANK","EBI",NA,"Japan:Shizuoka",NA,NA,"Chromosome",1722,52883,256,350945394,45.5,8.7,30857,30860,NA,7090,113,928938,22,391468268,350961384,NA,NA,FALSE,"Eukaryota","Chordata","Actinopteri","Tetraodontiformes","Tetraodontidae","Takifugu","Takifugu rubripes",0.896525753653167,FALSE
"24","GCA_028533205.1","PRJNA512907",NA,"Lagorchestes hirsutus","65632","Lagorchestes hirsutus","GENBANK","Baylor College of Medicine",NA,"not collected","not collected","not collected","Chromosome",16076,57452,NA,3355989172,38.5,93,569642,631689,NA,569642,4,401333761,10,3381150672,3355989172,NA,NA,FALSE,"Eukaryota","Chordata","Mammalia","Diprotodontia","Macropodidae","Lagorchestes","Lagorchestes hirsutus",0.99255830264875,FALSE
"25","GCA_013677235.1","PRJNA488266",NA,"Gossypium klotzschianum","34286","Gossypium klotzschianum","GENBANK","Mississippi State University",NA,"USA: College Station",NA,NA,"Chromosome",44253,3703,NA,641874979,34,57.07,316819,609717,NA,316819,9,37498816,13,670958353,641900718,NA,NA,FALSE,"Eukaryota","Streptophyta","Magnoliopsida","Malvales","Malvaceae","Gossypium","Gossypium klotzschianum",0.956692341827064,FALSE
"26","GCA_013677275.1","PRJNA488266",NA,"Gossypium schwendimanii","34291","Gossypium schwendimanii","GENBANK","Mississippi State University",NA,"USA: College Station",NA,NA,"Chromosome",34994,4935,NA,697349361,33.5,97.95,332957,656966,NA,332957,9,38315909,13,729428757,697383858,NA,NA,FALSE,"Eukaryota","Streptophyta","Magnoliopsida","Malvales","Malvaceae","Gossypium","Gossypium schwendimanii",0.956068500600669,FALSE
"27","GCA_002163495.1","PRJNA335610",NA,"Oncorhynchus mykiss","8022","Oncorhynchus mykiss","GENBANK","USDA/ARS",NA,"USA: Swanson River, Alaska",NA,NA,"Chromosome",32575,13827,7839,1927467077,42.5,244,139799,559854,NA,139799,259,1670138,29,2178982971,1927467077,NA,NA,FALSE,"Eukaryota","Chordata","Actinopteri","Salmoniformes","Salmonidae","Oncorhynchus","Oncorhynchus mykiss",0.884571886358262,FALSE
"28","GCA_037577785.1","PRJNA795327",NA,"Pangasius conchophilus","337735","Pangasius conchophilus","GENBANK","INRAE (Fish Physiology and Genomics laboratory)",NA,"Viet Nam","freshwater","Viet Nam","Chromosome",57302,3452,NA,725931726,39,75,254550,426382,NA,254550,16,20461794,29,742951684,725931726,NA,NA,FALSE,"Eukaryota","Chordata","Actinopteri","Siluriformes","Pangasiidae","Pangasius","Pangasius conchophilus",0.977091433579684,FALSE
"29","GCA_028533395.1","PRJNA512907",NA,"Rousettus madagascariensis","77223","Rousettus madagascariensis","GENBANK","Baylor College of Medicine",NA,"not collected","not collected","not collected","Chromosome",8162,63903,NA,2333758532,40.5,92,1467186,1491090,NA,1467186,10,85834856,18,2344104132,2333758532,NA,NA,FALSE,"Eukaryota","Chordata","Mammalia","Chiroptera","Pteropodidae","Rousettus","Rousettus madagascariensis",0.995586544190265,FALSE
"30","GCA_000300575.2","PRJNA61005",NA,"Agaricus bisporus var. bisporus H97","936046","Agaricus bisporus var. bisporus H97","GENBANK","DOE Joint Genome Institute",NA,"missing",NA,NA,"Chromosome",8,1652408,NA,30287496,46.5,8.5,13,70,NA,13,5,2550681,13,30417844,30287496,NA,NA,FALSE,"Eukaryota","Basidiomycota","Agaricomycetes","Agaricales","Agaricaceae","Agaricus","Agaricus bisporus",0.995714752169812,FALSE
"31","GCA_009663095.1","PRJNA390730",NA,"Fusarium fujikuroi","5127","Fusarium fujikuroi","GENBANK","Unito","Oryza sativa","Italy: Vercelli",NA,NA,"Chromosome",20,678264,NA,43715445,47.5,9.72,12,114,NA,12,5,4218434,12,43737213,43717108,NA,NA,FALSE,"Eukaryota","Ascomycota","Sordariomycetes","Hypocreales","Nectriaceae","Fusarium","Fusarium fujikuroi",0.999540322791029,FALSE
"32","GCA_000005505.4","PRJNA32607",NA,"Brachypodium distachyon","15368","Brachypodium distachyon","GENBANK","US DOE Joint Genome Institute",NA,NA,NA,NA,"Chromosome",5,21988513,4,270739461,46.5,9.43,35,35,NA,14,4,30223662,5,271163419,270739461,NA,NA,FALSE,"Eukaryota","Streptophyta","Magnoliopsida","Poales","Poaceae","Brachypodium","Brachypodium distachyon",0.998436522147554,FALSE
"33","GCA_013467495.1","PRJNA488266",NA,"Gossypium gossypioides","34282","Gossypium gossypioides","GENBANK","Mississippi State University",NA,"USA: College Station",NA,NA,"Chromosome",41251,3979,NA,640367984,34,59.15,344899,590898,NA,344899,10,32963687,13,664724314,640396013,NA,NA,FALSE,"Eukaryota","Streptophyta","Magnoliopsida","Malvales","Malvaceae","Gossypium","Gossypium gossypioides",0.963400916007414,FALSE
"34","GCA_047456115.1","PRJNA1000454",NA,"Helianthus anomalus","73274","Helianthus anomalus","GENBANK","INRAE/CNRS",NA,"USA: Utah",NA,NA,"Chromosome",124923,11882,NA,5809531505,39,100,201340,868352,NA,201340,10,309235862,17,6060283471,5809531505,NA,NA,FALSE,"Eukaryota","Streptophyta","Magnoliopsida","Asterales","Asteraceae","Helianthus","Helianthus anomalus",0.958623723263126,FALSE
"35","GCA_002993905.1","PRJNA435476",NA,"Miscanthus sacchariflorus","183675","Miscanthus sacchariflorus","GENBANK","Earlham Institute",NA,"United Kingdom: Aberystwyth",NA,NA,"Chromosome",135190,2461,32595,1243407022,46,60,137916,1077567,NA,137916,20585,25627,19,2074921001,1243639586,NA,NA,FALSE,"Eukaryota","Streptophyta","Magnoliopsida","Poales","Poaceae","Miscanthus","Miscanthus sacchariflorus",0.599367197787594,FALSE
"36","GCA_035584235.1","PRJNA1016113",NA,"Frankliniella intonsa","163893","Frankliniella intonsa","GENBANK","Beijing Academy of Agriculture and Forestry Sciences",NA,"China: Inner Mongolia,Hohhot","ten generations on horsebean seedling",NA,"Chromosome",19202,1679,NA,238786108,50.5,336,47,423210,NA,47,9,12796626,15,261366093,238786282,NA,NA,FALSE,"Eukaryota","Arthropoda","Insecta","Thysanoptera","Thripidae","Frankliniella","Frankliniella intonsa",0.913608491672254,FALSE
"37","GCA_041074935.1","PRJNA1112128",NA,"Eutrema japonicum","75806","Eutrema japonicum","GENBANK","Chungnam National University",NA,"South Korea",NA,"Pyeongchang","Chromosome",16,14158479,NA,794532038,38,1.12,14,112,NA,14,7,58458533,14,794581038,794532038,NA,NA,FALSE,"Eukaryota","Streptophyta","Magnoliopsida","Brassicales","Brassicaceae","Eutrema","Eutrema japonicum",0.999938332281219,FALSE
"38","GCA_013677265.1","PRJNA488266",NA,"Gossypium armourianum","34283","Gossypium armourianum","GENBANK","Mississippi State University",NA,"USA: College Station",NA,NA,"Chromosome",163093,704,NA,680650897,34.5,54.26,446787,1450795,NA,446787,8,45725318,13,780950899,680678638,NA,NA,FALSE,"Eukaryota","Streptophyta","Magnoliopsida","Malvales","Malvaceae","Gossypium","Gossypium armourianum",0.87160234897175,FALSE
"39","GCA_009887355.1","PRJNA565112",NA,"Solanum pinnatisectum","50273","Solanum pinnatisectum","GENBANK","ICAR-Central Potato Research Institute, Shimla",NA,"India: ICAR-CPRI, Shimla",NA,NA,"Chromosome",50263,1995,NA,448476623,34.5,40,12,779713,NA,12,6,59728962,12,724557807,453169093,NA,NA,FALSE,"Eukaryota","Streptophyta","Magnoliopsida","Solanales","Solanaceae","Solanum","Solanum pinnatisectum",0.625442288554349,FALSE
"40","GCA_941860345.1","PRJEB38103",NA,"Chrysodeixis includens","689277","Chrysodeixis includens","GENBANK","EBI",NA,"USA",NA,NA,"Chromosome",99,1140895,NA,369424885,36,6,80,595,NA,80,13,12815633,30,369676332,369424885,NA,NA,FALSE,"Eukaryota","Arthropoda","Insecta","Lepidoptera","Noctuidae","Chrysodeixis","Chrysodeixis includens",0.999319818505449,FALSE
"41","GCA_013677245.1","PRJNA488266",NA,"Gossypium davidsonii","34287","Gossypium davidsonii","GENBANK","Mississippi State University",NA,"USA: College Station",NA,NA,"Chromosome",32285,5564,NA,682496798,33.5,54.85,314795,535698,NA,314795,9,38541894,13,704223819,682531251,NA,NA,FALSE,"Eukaryota","Streptophyta","Magnoliopsida","Malvales","Malvaceae","Gossypium","Gossypium davidsonii",0.969196486380135,FALSE
"42","GCA_013677255.1","PRJNA488266",NA,"Gossypium harknessii","34285","Gossypium harknessii","GENBANK","Mississippi State University",NA,"USA: College Station",NA,NA,"Chromosome",58412,2811,NA,686732119,33,61.29,373839,825245,NA,373839,8,43316934,13,732154658,686741565,NA,NA,FALSE,"Eukaryota","Streptophyta","Magnoliopsida","Malvales","Malvaceae","Gossypium","Gossypium harknessii",0.937973360540991,FALSE
"43","GCA_051107185.1","PRJNA1076684",NA,"Neosalanx anderssoni","350769","Neosalanx anderssoni","GENBANK","Institute of Oceanology, Chinese Academy of Sciences",NA,"China:Shuangyang Port",NA,"missing","Chromosome",30863,3238,NA,462362250,47,19,159230,322279,NA,159230,14,15825868,28,478641132,462364947,NA,NA,FALSE,"Eukaryota","Chordata","Actinopteri","Osmeriformes","Salangidae","Neosalanx","Neosalanx anderssoni",0.965995013984715,FALSE
"44","GCA_002917755.1","PRJNA413079",NA,"Beta vulgaris subsp. vulgaris","3555","Beta vulgaris subsp. vulgaris","GENBANK","USDA-ARS",NA,"USA: Michigan, East Lansing",NA,NA,"Chromosome",64,2700559,NA,540479261,36,1,40,363,NA,40,5,57938902,9,540534112,540479261,NA,NA,FALSE,"Eukaryota","Streptophyta","Magnoliopsida","Caryophyllales","Chenopodiaceae","Beta","Beta vulgaris",0.999898524443172,FALSE
"45","GCA_042465325.1","PRJNA1066108",NA,"Chamaerops humilis","54446","Chamaerops humilis","GENBANK","Botanical Garden of Padova",NA,"Italy",NA,NA,"Chromosome",527,1982289,NA,4040663464,44,8.5,1818,5065,NA,1818,8,211881467,18,4041312864,4040663464,NA,NA,FALSE,"Eukaryota","Streptophyta","Magnoliopsida","Arecales","Arecaceae","Chamaerops","Chamaerops humilis",0.999839309644699,FALSE
"46","GCA_042465335.1","PRJNA1066109",NA,"Chamaerops humilis","54446","Chamaerops humilis","GENBANK","Botanical Garden of Padova",NA,"Italy",NA,NA,"Chromosome",560,1818675,NA,3920334241,44,8.5,1432,4634,NA,1432,8,206085499,18,3920974641,3920334241,NA,NA,FALSE,"Eukaryota","Streptophyta","Magnoliopsida","Arecales","Arecaceae","Chamaerops","Chamaerops humilis",0.999836673261463,FALSE
"47","GCA_044906145.1","PRJNA1019919",NA,"Curcuma longa","136217","Curcuma longa","GENBANK","Institut Teknologi Bandung",NA,"Indonesia",NA,"Majalengka, Jawa Barat","Chromosome",200567,396,NA,288542380,37.5,10,9209,805814,NA,9209,9,14631939,21,368213889,288542380,NA,NA,FALSE,"Eukaryota","Streptophyta","Magnoliopsida","Zingiberales","Zingiberaceae","Curcuma","Curcuma longa",0.783627094522771,FALSE
"48","GCA_000612305.2","PRJNA49047",NA,"Eucalyptus grandis","71139","Eucalyptus grandis","GENBANK","DOE Joint Genome Institute",NA,"Brazil: Originally from Coffs Harbor, Australia, collected in Brazil","first generation selfed progeny",NA,"Chromosome",2267,67206,293,640359743,39.5,6.73,32816,32816,NA,5224,55,3504154,11,691266166,640359743,NA,NA,FALSE,"Eukaryota","Streptophyta","Magnoliopsida","Myrtales","Myrtaceae","Eucalyptus","Eucalyptus grandis",0.926357710670885,FALSE
"49","GCA_013467475.1","PRJNA488266",NA,"Gossypium raimondii","29730","Gossypium raimondii","GENBANK","Mississippi State University",NA,"USA: College Station",NA,NA,"Chromosome",106943,1101,NA,534567493,35.5,81.02,94517,894248,NA,94517,7,46774767,13,615032910,534567798,NA,NA,FALSE,"Eukaryota","Streptophyta","Magnoliopsida","Malvales","Malvaceae","Gossypium","Gossypium raimondii",0.869169420543691,FALSE
"50","GCA_004706985.1","PRJNA362521",NA,"Ipomoea trifida","35884","Ipomoea trifida","GENBANK","Sichuan Academy of Agricultural Sciences",NA,"China:Shichuan",NA,NA,"Chromosome",2149,59532,NA,449295159,35.5,0.97,4236,15700,NA,4236,8,28859841,15,460934112,449299541,NA,NA,FALSE,"Eukaryota","Streptophyta","Magnoliopsida","Solanales","Convolvulaceae","Ipomoea","Ipomoea trifida",0.974758711284098,FALSE
"51","GCA_028583105.1","PRJNA512907",NA,"Macropus fuliginosus","9316","Macropus fuliginosus","GENBANK","Baylor College of Medicine",NA,NA,NA,"not collected","Chromosome",29936,30299,NA,3609821819,38.5,64,1417799,1491687,NA,1417799,5,341276260,8,3638522883,3609821819,NA,NA,FALSE,"Eukaryota","Chordata","Mammalia","Diprotodontia","Macropodidae","Macropus","Macropus fuliginosus",0.992111891302347,FALSE
"52","GCA_002234675.1","PRJNA325079",NA,"Oryzias latipes","8090","Oryzias latipes","GENBANK","The University of Tokyo",NA,NA,NA,NA,"Chromosome",88,2530934,NA,733549372,41,0.99,24,515,NA,24,11,31218526,24,734040372,733549372,NA,NA,FALSE,"Eukaryota","Chordata","Actinopteri","Beloniformes","Adrianichthyidae","Oryzias","Oryzias latipes",0.999331099461652,FALSE
"53","GCA_002234695.1","PRJNA325194",NA,"Oryzias latipes","8090","Oryzias latipes","GENBANK","The University of Tokyo",NA,NA,NA,NA,"Chromosome",67,3516609,NA,744096398,41,1.01,24,342,NA,24,11,32853055,24,744414398,744096398,NA,NA,FALSE,"Eukaryota","Chordata","Actinopteri","Beloniformes","Adrianichthyidae","Oryzias","Oryzias latipes",0.999572818579471,FALSE
"54","GCA_002234715.1","PRJNA325193",NA,"Oryzias latipes","8090","Oryzias latipes","GENBANK","The University of Tokyo",NA,NA,NA,NA,"Chromosome",134,1450098,NA,676916405,40.5,0.94,24,741,NA,24,11,28873095,24,677633405,676916405,NA,NA,FALSE,"Eukaryota","Chordata","Actinopteri","Beloniformes","Adrianichthyidae","Oryzias","Oryzias latipes",0.998941905763928,FALSE
"55","GCA_028646595.1","PRJNA512907",NA,"Phalanger gymnotis","65615","Phalanger gymnotis","GENBANK","Baylor College of Medicine",NA,NA,NA,"not collected","Chromosome",34298,28067,NA,3590422765,39.5,69,1142900,1222713,NA,1142900,4,353051754,7,3623972075,3590422765,NA,NA,FALSE,"Eukaryota","Chordata","Mammalia","Diprotodontia","Phalangeridae","Phalanger","Phalanger gymnotis",0.990742392792858,FALSE
"56","GCA_006980745.1","PRJNA503326",NA,"Gossypium hirsutum","3635","Gossypium hirsutum","GENBANK","Chinese Academy of Agricultural Sciences",NA,"China",NA,"not collected","Chromosome",141,4760671,NA,2287799113,34.5,0.96,599,1272,NA,599,11,96727820,26,2287866413,2287799113,NA,NA,FALSE,"Eukaryota","Streptophyta","Magnoliopsida","Malvales","Malvaceae","Gossypium","Gossypium hirsutum",0.999970583946852,FALSE
"57","GCA_006980775.1","PRJNA503326",NA,"Gossypium hirsutum","3635","Gossypium hirsutum","GENBANK","Chinese Academy of Agricultural Sciences",NA,"China",NA,"not collected","Chromosome",307,1982520,NA,2308068697,34.5,0.97,2238,3708,NA,2238,11,93248268,26,2308215698,2308068698,NA,NA,FALSE,"Eukaryota","Streptophyta","Magnoliopsida","Malvales","Malvaceae","Gossypium","Gossypium hirsutum",0.999936314444041,FALSE
"58","GCA_013467465.1","PRJNA488266",NA,"Gossypium trilobum","34281","Gossypium trilobum","GENBANK","Mississippi State University",NA,"USA: College Station",NA,NA,"Chromosome",41329,3931,NA,626482862,34,55.93,290398,590117,NA,290398,9,35740580,13,655376848,626530385,NA,NA,FALSE,"Eukaryota","Streptophyta","Magnoliopsida","Malvales","Malvaceae","Gossypium","Gossypium trilobum",0.955984922128345,FALSE
"59","GCA_022985145.1","PRJNA605300",NA,"Pangasius djambal","1691987","Pangasius djambal","GENBANK","INRA (Fish Physiology and Genomics laboratory)",NA,"Indonesia:sumatra",NA,NA,"Chromosome",7500,28811,NA,839774253,39.5,42.2,374880,422525,NA,374880,15,24952887,30,844539323,839774253,NA,NA,FALSE,"Eukaryota","Chordata","Actinopteri","Siluriformes","Pangasiidae","Pangasius","Pangasius djambal",0.994357787884792,FALSE
"60","GCA_000002335.3","PRJNA12540",NA,"Tribolium castaneum","7070","Tribolium castaneum","GENBANK","Baylor College of Medicine, Human Genome Sequencing Center",NA,"USA: Kansas",NA,NA,"Chromosome",512,73049,67,152413474,34,7,7058,7058,NA,2148,12,4456720,11,165928604,152413474,NA,NA,FALSE,"Eukaryota","Arthropoda","Insecta","Coleoptera","Tenebrionidae","Tribolium","Tribolium castaneum",0.918548522230682,FALSE
"61","GCA_013467485.1","PRJNA488266",NA,"Gossypium lobatum","34289","Gossypium lobatum","GENBANK","Mississippi State University",NA,"USA: College Station",NA,NA,"Chromosome",68625,2398,NA,690001211,33,57.36,380358,922470,NA,380358,8,41563985,13,744535494,690009236,NA,NA,FALSE,"Eukaryota","Streptophyta","Magnoliopsida","Malvales","Malvaceae","Gossypium","Gossypium lobatum",0.926764729902857,FALSE
"62","GCA_046862605.1","PRJNA488266",NA,"Gossypium turneri","34284","Gossypium turneri","GENBANK","Mississippi State University",NA,"USA: College Station",NA,NA,"Chromosome",11146,18145,NA,832496224,33.5,65.1149,313958,455500,NA,313958,11,31132448,13,846438418,832519641,NA,NA,FALSE,"Eukaryota","Streptophyta","Magnoliopsida","Malvales","Malvaceae","Gossypium","Gossypium turneri",0.983556066567858,FALSE
"63","GCA_014189475.1","PRJNA573826",NA,"Solanum tuberosum","4113","Solanum tuberosum","GENBANK","Chinese Academy of Agricultural Sciences",NA,"Netherlands",NA,NA,"Chromosome",106,1725596,NA,809679092,35,1,12,4460,NA,12,5,66116962,12,810122902,809679092,NA,NA,FALSE,"Eukaryota","Streptophyta","Magnoliopsida","Solanales","Solanaceae","Solanum","Solanum tuberosum",0.999452169542542,FALSE
"64","GCA_028643805.1","PRJNA512907",NA,"Dasyurus viverrinus","9279","Dasyurus viverrinus","GENBANK","Baylor College of Medicine",NA,"not collected","not collected","not collected","Chromosome",20315,42318,NA,3059949673,36,90,386556,457206,NA,386556,3,531475703,7,3085907905,3059949673,NA,NA,FALSE,"Eukaryota","Chordata","Mammalia","Dasyuromorphia","Dasyuridae","Dasyurus","Dasyurus viverrinus",0.991588137819038,FALSE
"65","GCA_028533375.1","PRJNA512907",NA,"Diceros bicornis","9805","Diceros bicornis","GENBANK","Baylor College of Medicine",NA,"not collected","not collected","not collected","Chromosome",8342,87018,NA,2591324278,41,99,636610,670561,NA,636610,17,59591286,42,2604568178,2591324278,NA,NA,FALSE,"Eukaryota","Chordata","Mammalia","Perissodactyla","Rhinocerotidae","Diceros","Diceros bicornis",0.994915126387603,FALSE
"66","GCA_028627215.1","PRJNA512907",NA,"Macropus giganteus","9317","Macropus giganteus","GENBANK","Baylor College of Medicine",NA,NA,NA,"not collected","Chromosome",22825,41690,NA,3508341113,38.5,70,1012328,1081779,NA,1012328,4,392871110,8,3535619686,3508341113,NA,NA,FALSE,"Eukaryota","Chordata","Mammalia","Diprotodontia","Macropodidae","Macropus","Macropus giganteus",0.992284641612328,FALSE
"67","GCA_028551425.1","PRJNA512907",NA,"Prionailurus viverrinus","61388","Prionailurus viverrinus","GENBANK","Baylor College of Medicine",NA,"not collected","not collected","not collected","Chromosome",15832,45920,NA,2492129396,42,83,395495,457310,NA,395495,8,132313483,19,2510020520,2492129396,NA,NA,FALSE,"Eukaryota","Chordata","Mammalia","Carnivora","Felidae","Prionailurus","Prionailurus viverrinus",0.99287212042394,FALSE
"68","GCA_905187595.1","PRJEB29505",NA,"Allium cepa","4679","Allium cepa","GENBANK","EBI",NA,"Netherlands",NA,NA,"Chromosome",93189,48298,NA,14586975752,33.5,55,89854,443023,NA,89854,6712,460718,8,14937426752,14586975752,NA,NA,FALSE,"Eukaryota","Streptophyta","Magnoliopsida","Asparagales","Amaryllidaceae","Allium","Allium cepa",0.976538730142856,FALSE
"69","GCA_013487665.1","PRJNA488266",NA,"Gossypium aridum","34290","Gossypium aridum","GENBANK","Mississippi State University",NA,"USA: College Station",NA,NA,"Chromosome",70501,2287,NA,684836522,33,56.49,382310,921717,NA,382310,9,42243713,13,739119247,684842408,NA,NA,FALSE,"Eukaryota","Streptophyta","Magnoliopsida","Malvales","Malvaceae","Gossypium","Gossypium aridum",0.926565518053679,FALSE
"70","GCA_023348025.1","PRJNA612153",NA,"Eriocheir sinensis","95602","Eriocheir sinensis","GENBANK","Shanghai Ocean University",NA,"China: Suzhou, Yangcheng lake","freshwater lake",NA,"Chromosome",15374,17216,3529,1054199769,43,320,250602,346888,NA,250602,563,437729,73,1166416159,1054232783,NA,NA,FALSE,"Eukaryota","Arthropoda","Malacostraca","Decapoda","Varunidae","Eriocheir","Eriocheir sinensis",0.903822169185158,FALSE
"71","GCA_000002325.2","PRJNA13660",NA,"Nasonia vitripennis","7425","Nasonia vitripennis","GENBANK","Baylor College of Medicine, Human Genome Sequencing Center",NA,NA,NA,NA,"Chromosome",3400,18840,71,239637596,41.5,6,26593,25484,NA,6169,71,708988,5,295780872,238616307,NA,NA,FALSE,"Eukaryota","Arthropoda","Insecta","Hymenoptera","Pteromalidae","Nasonia","Nasonia vitripennis",0.806733394849144,FALSE
"72","GCA_000151805.2","PRJNA17289",NA,"Taeniopygia guttata","59729","Taeniopygia guttata","GENBANK","Washington University School of Medicine, Genome Center, Dept of Genetics",NA,NA,NA,NA,"Chromosome",8015,38644,326,1222847868,41.5,5.5,124805,124805,NA,37421,37,8236790,35,1232118738,1222847838,NA,NA,FALSE,"Eukaryota","Chordata","Aves","Passeriformes","Estrildidae","Taeniopygia","Taeniopygia guttata",0.992475644015407,FALSE
"73","GCA_028533065.1","PRJNA512907",NA,"Trachops cirrhosus","148073","Trachops cirrhosus","GENBANK","Baylor College of Medicine",NA,"Belize: Ka'Kabish Archaeological Reserve in Orange Walk District","not collected","not collected","Chromosome",9424,60077,NA,2164628127,42,106,396519,432766,NA,396519,7,124458213,15,2179537627,2164628127,NA,NA,FALSE,"Eukaryota","Chordata","Mammalia","Chiroptera","Phyllostomidae","Trachops","Trachops cirrhosus",0.993159328925869,FALSE
"74","GCA_904067115.1","PRJEB40049",NA,"Aegilops sharonensis","58530","Aegilops sharonensis","GENBANK","EBI",NA,NA,NA,NA,"Chromosome",124209,13123,NA,5817652204,47,20,93484,944736,NA,93484,4,867619200,7,6704676607,5817870874,NA,NA,FALSE,"Eukaryota","Streptophyta","Magnoliopsida","Poales","Poaceae","Aegilops","Aegilops sharonensis",0.867733257697451,FALSE
"75","GCA_046463855.1","PRJNA1003804",NA,"Citrus reticulata","85571","Citrus reticulata","GENBANK","Huazhong Agricultural University",NA,"China",NA,"not applicable","Chromosome",7,20745453,NA,334984841,36.5,1.2,320,367,NA,320,5,32237284,9,335710001,334984893,NA,NA,FALSE,"Eukaryota","Streptophyta","Magnoliopsida","Sapindales","Rutaceae","Citrus","Citrus reticulata",0.997840076262727,FALSE
"76","GCA_046463875.1","PRJNA1003804",NA,"Citrus reticulata","85571","Citrus reticulata","GENBANK","Huazhong Agricultural University",NA,"China",NA,"not applicable","Chromosome",13,8572488,NA,348535642,34.5,1.2,215,375,NA,215,5,33574700,9,349219376,348535642,NA,NA,FALSE,"Eukaryota","Streptophyta","Magnoliopsida","Sapindales","Rutaceae","Citrus","Citrus reticulata",0.998042107491768,FALSE
"77","GCA_047495955.1","PRJNA1091680",NA,"Costus allenii","168177","Costus allenii","GENBANK","University of California, Davis",NA,"Panama: Colon Province, Soberania National Park, Pipeline Road",NA,NA,"Chromosome",6,86057404,NA,1136999623,40,6,423,462,NA,423,5,120338736,9,1137003523,1136999623,NA,NA,FALSE,"Eukaryota","Streptophyta","Magnoliopsida","Zingiberales","Costaceae","Costus","Costus allenii",0.999996569931472,FALSE
"78","GCA_013511315.1","PRJNA488266",NA,"Gossypium laxum","34288","Gossypium laxum","GENBANK","Mississippi State University",NA,"USA: College Station",NA,NA,"Chromosome",110085,999,NA,739141750,34,60.66,470382,1423309,NA,470382,8,48342157,13,833895178,739184380,NA,NA,FALSE,"Eukaryota","Streptophyta","Magnoliopsida","Malvales","Malvaceae","Gossypium","Gossypium laxum",0.886423617141962,FALSE
"79","GCA_002162155.3","PRJNA310175",NA,"Triticum dicoccoides","85692","Triticum dicoccoides","GENBANK","The Institute for Cereal Crops Improvement, Tel Aviv University",NA,"Israel: Aaron Aaronsohn experimental farm Atlit",NA,"Zavitan","Chromosome",53280,57368,NA,10323492877,46,176,148296,492885,NA,148296,7,747227478,14,10677097747,10323492877,NA,NA,FALSE,"Eukaryota","Streptophyta","Magnoliopsida","Poales","Poaceae","Triticum","Triticum dicoccoides",0.966881930054508,FALSE
"80","GCA_900184675.1","PRJEB19929",NA,"Triticum dicoccoides","85692","Triticum dicoccoides","GENBANK","EBI",NA,NA,NA,NA,"Chromosome",53281,57367,NA,10323499860,46,176,151912,493558,NA,149145,7,726427787,14,10494955245,10323499860,NA,NA,FALSE,"Eukaryota","Streptophyta","Magnoliopsida","Poales","Poaceae","Triticum","Triticum dicoccoides",0.983663066587951,FALSE
"81","GCA_001194135.2","PRJNA270931",NA,"Octopus bimaculoides","37653","Octopus bimaculoides","GENBANK","UC Berkeley",NA,"Pacific Ocean","wild caught off the coast of California",NA,"Chromosome",98071,5523,NA,1986264087,36,10,145326,713915,NA,145326,9,96881196,30,2342518435,1986264087,NA,NA,FALSE,"Eukaryota","Mollusca","Cephalopoda","Octopoda","Octopodidae","Octopus","Octopus bimaculoides",0.847918230790786,FALSE
"82","GCA_003704135.2","PRJNA494229",NA,"Peromyscus polionotus subgriseus","369710","Peromyscus polionotus subgriseus","GENBANK","Harvard University",NA,NA,NA,NA,"Chromosome",52263,13217,NA,2328646717,42,290,318482,318482,NA,5292,9,117603569,24,2645110392,2328646717,NA,NA,FALSE,"Eukaryota","Chordata","Mammalia","Rodentia","Cricetidae","Peromyscus","Peromyscus polionotus",0.880358991459439,FALSE
"83","GCA_028658325.1","PRJNA512907",NA,"Potorous gilbertii","173936","Potorous gilbertii","GENBANK","Baylor College of Medicine",NA,"not collected","not collected","not collected","Chromosome",19978,46323,NA,3800844471,38.5,71,1148168,1209112,NA,1148168,3,557804701,7,3826410559,3800844471,NA,NA,FALSE,"Eukaryota","Chordata","Mammalia","Diprotodontia","Potoroidae","Potorous","Potorous gilbertii",0.993318519378464,FALSE
"84","GCA_904067125.1","PRJEB40050",NA,"Aegilops longissima","4486","Aegilops longissima","GENBANK","EBI",NA,NA,NA,NA,"Chromosome",109347,14767,NA,5758273698,47,20,127931,881466,NA,127931,4,862608691,7,6689482705,5758464007,NA,NA,FALSE,"Eukaryota","Streptophyta","Magnoliopsida","Poales","Poaceae","Aegilops","Aegilops longissima",0.860823513706954,FALSE
"85","GCA_944222845.1","PRJEB40051",NA,"Aegilops speltoides subsp. speltoides","58531","Aegilops speltoides subsp. speltoides","GENBANK","EBI",NA,NA,NA,NA,"Chromosome",60729,19024,NA,4236713663,47,20,182594,530916,NA,182594,5,536175046,7,5116924366,4236746999,NA,NA,FALSE,"Eukaryota","Streptophyta","Magnoliopsida","Poales","Poaceae","Aegilops","Aegilops speltoides",0.827987028135799,FALSE
"86","GCA_028534165.1","PRJNA512907",NA,"Coendou prehensilis","187985","Coendou prehensilis","GENBANK","Baylor College of Medicine",NA,"not collected","not collected","not collected","Chromosome",20912,32746,NA,2830257246,41,89,1753065,1798555,NA,1753065,23,42412415,37,2849765846,2830257246,NA,NA,FALSE,"Eukaryota","Chordata","Mammalia","Rodentia","Erethizontidae","Coendou","Coendou prehensilis",0.993154314756287,FALSE
"87","GCA_000005975.1","PRJNA12366",NA,"Drosophila yakuba","7245","Drosophila yakuba","GENBANK","Harvard University, FlyBase",NA,NA,NA,NA,"Chromosome",275,115562,NA,162581874,42.5,9.1,13439,13440,NA,8122,4,21770863,7,165693946,162581957,NA,NA,FALSE,"Eukaryota","Arthropoda","Insecta","Diptera","Drosophilidae","Drosophila","Drosophila yakuba",0.98121845079361,FALSE
"88","GCA_051107105.1","PRJNA1076684",NA,"Salanx ariakensis","221867","Salanx ariakensis","GENBANK","Institute of Oceanology, Chinese Academy of Sciences",NA,"China:Yangtze River Estuary",NA,"missing","Chromosome",34993,3180,NA,509008589,47,24,232053,366279,NA,232053,16,14662448,28,522431189,509008589,NA,NA,FALSE,"Eukaryota","Chordata","Actinopteri","Osmeriformes","Salangidae","Salanx","Salanx ariakensis",0.974307429796271,FALSE
"89","GCA_028533255.1","PRJNA512907",NA,"Tapirus terrestris","9801","Tapirus terrestris","GENBANK","Baylor College of Medicine",NA,"not collected","not collected","not collected","Chromosome",14413,46059,NA,2832270633,40.5,86,1711479,1749853,NA,1711479,21,47139982,40,2848289233,2832270633,NA,NA,FALSE,"Eukaryota","Chordata","Mammalia","Perissodactyla","Tapiridae","Tapirus","Tapirus terrestris",0.994376062720594,FALSE
"90","GCA_046463865.1","PRJNA1003804",NA,"Citrus sp. TJH2","3388342","Citrus sp. TJH2","GENBANK","Huazhong Agricultural University",NA,"China",NA,"not applicable","Chromosome",126,518718,NA,332985924,35.5,1.2,1265,2791,NA,1265,5,33414500,9,339000924,332985924,NA,NA,FALSE,"Eukaryota","Streptophyta","Magnoliopsida","Sapindales","Rutaceae","Citrus","Citrus sp. TJH2",0.98225668553045,FALSE
"91","GCA_028533215.1","PRJNA512907",NA,"Babyrousa celebensis","1303000","Babyrousa celebensis","GENBANK","Baylor College of Medicine",NA,"not collected","not collected","not collected","Chromosome",11838,52664,NA,2554163617,42,72,696483,743099,NA,696483,8,112896847,19,2571103617,2554163617,NA,NA,FALSE,"Eukaryota","Chordata","Mammalia","Artiodactyla","Suidae","Babyrousa","Babyrousa celebensis",0.993411389611841,FALSE
"92","GCA_028626985.1","PRJNA512907",NA,"Vombatus ursinus","29139","Vombatus ursinus","GENBANK","Baylor College of Medicine",NA,NA,NA,"not collected","Chromosome",11796,74778,NA,3323271740,39,71,633732,685857,NA,633732,3,576111283,7,3341345253,3323271740,NA,NA,FALSE,"Eukaryota","Chordata","Mammalia","Diprotodontia","Vombatidae","Vombatus","Vombatus ursinus",0.994590947169026,FALSE
"93","GCA_046250135.1","PRJNA1188632",NA,"Triticum aestivum","4565","Triticum aestivum","GENBANK","China Agricultural University",NA,"China",NA,NA,"Chromosome",19,266435262,NA,14456191132,46,1,25,315,NA,25,10,719314300,21,14456220132,14456191132,NA,NA,FALSE,"Eukaryota","Streptophyta","Magnoliopsida","Poales","Poaceae","Triticum","Triticum aestivum",0.99999799394311,FALSE
"94","GCA_900519105.1","PRJEB27788",NA,"Triticum aestivum","4565","Triticum aestivum","GENBANK","EBI",NA,NA,NA,NA,"Chromosome",81456,51842,NA,14271578887,46,234,22,692998,NA,22,10,709773743,22,14547261565,14271578946,NA,NA,FALSE,"Eukaryota","Streptophyta","Magnoliopsida","Poales","Poaceae","Triticum","Triticum aestivum",0.981049174253986,FALSE
"95","GCA_903993795.1","PRJEB39553",NA,"Triticum aestivum","4565","Triticum aestivum","GENBANK","EBI",NA,NA,NA,NA,"Chromosome",85747,48867,NA,14309736258,46,250,138393,705561,NA,138393,10,705338699,21,14538313898,14309736263,NA,NA,FALSE,"Eukaryota","Streptophyta","Magnoliopsida","Poales","Poaceae","Triticum","Triticum aestivum",0.98427756914566,FALSE
"96","GCA_903993975.1","PRJEB39555",NA,"Triticum aestivum","4565","Triticum aestivum","GENBANK","EBI",NA,NA,NA,NA,"Chromosome",54204,75940,NA,14177916449,46,250,119569,508146,NA,119569,10,688905267,21,14281318419,14177916449,NA,NA,FALSE,"Eukaryota","Streptophyta","Magnoliopsida","Poales","Poaceae","Triticum","Triticum aestivum",0.992759634162177,FALSE
"97","GCA_903993985.1","PRJEB39552",NA,"Triticum aestivum","4565","Triticum aestivum","GENBANK","EBI",NA,NA,NA,NA,"Chromosome",52720,80338,NA,14539438094,46,250,135719,501680,NA,135719,10,697493198,21,14645464107,14539438134,NA,NA,FALSE,"Eukaryota","Streptophyta","Magnoliopsida","Poales","Poaceae","Triticum","Triticum aestivum",0.99276049074134,FALSE
"98","GCA_903994155.1","PRJEB39560",NA,"Triticum aestivum","4565","Triticum aestivum","GENBANK","EBI",NA,NA,NA,NA,"Chromosome",71170,58092,NA,14231117767,46,250,104381,603458,NA,104381,10,713929667,21,14463524036,14231117768,NA,NA,FALSE,"Eukaryota","Streptophyta","Magnoliopsida","Poales","Poaceae","Triticum","Triticum aestivum",0.983931560011133,FALSE
"99","GCA_903994165.1","PRJEB39559",NA,"Triticum spelta","4565","Triticum aestivum","GENBANK","EBI",NA,NA,NA,NA,"Chromosome",50185,83474,NA,14343758851,46,250,145069,487213,NA,145069,10,707105489,21,14439018734,14343758851,NA,NA,FALSE,"Eukaryota","Streptophyta","Magnoliopsida","Poales","Poaceae","Triticum","Triticum aestivum",0.993402606869975,FALSE
"100","GCA_903994175.1","PRJEB39557",NA,"Triticum aestivum","4565","Triticum aestivum","GENBANK","EBI",NA,NA,NA,NA,"Chromosome",57437,71972,NA,14238173786,46,250,119606,533097,NA,119606,10,690770133,21,14350847906,14238173786,NA,NA,FALSE,"Eukaryota","Streptophyta","Magnoliopsida","Poales","Poaceae","Triticum","Triticum aestivum",0.992148608867014,FALSE
"101","GCA_903994185.1","PRJEB39558",NA,"Triticum aestivum","4565","Triticum aestivum","GENBANK","EBI",NA,NA,NA,NA,"Chromosome",55705,76803,NA,14801034866,46,250,705997,1064262,NA,705997,10,685083685,21,14884612126,14801034939,NA,NA,FALSE,"Eukaryota","Streptophyta","Magnoliopsida","Poales","Poaceae","Triticum","Triticum aestivum",0.994384993959365,FALSE
"102","GCA_903994195.1","PRJEB39554",NA,"Triticum aestivum","4565","Triticum aestivum","GENBANK","EBI",NA,NA,NA,NA,"Chromosome",77286,53971,NA,14220925698,46,250,98541,620781,NA,98541,10,708234589,21,14385030226,14220925698,NA,NA,FALSE,"Eukaryota","Streptophyta","Magnoliopsida","Poales","Poaceae","Triticum","Triticum aestivum",0.988591992827141,FALSE
"103","GCA_903995565.1","PRJEB39556",NA,"Triticum aestivum","4565","Triticum aestivum","GENBANK","EBI",NA,NA,NA,NA,"Chromosome",81451,50686,NA,14167027129,46,250,106140,662766,NA,106140,10,705533140,21,14433190783,14167027129,NA,NA,FALSE,"Eukaryota","Streptophyta","Magnoliopsida","Poales","Poaceae","Triticum","Triticum aestivum",0.981558918052029,FALSE
"104","GCA_904066035.1","PRJEB39982",NA,"Triticum aestivum","4565","Triticum aestivum","GENBANK","EBI",NA,NA,NA,NA,"Chromosome",65190,66892,NA,14796956800,46,320,21465,462368,NA,21465,10,712168462,21,14910390598,14796956836,NA,NA,FALSE,"Eukaryota","Streptophyta","Magnoliopsida","Poales","Poaceae","Triticum","Triticum aestivum",0.992392301110125,FALSE
"105","GCA_951799155.2","PRJEB60701",NA,"Triticum aestivum","4565","Triticum aestivum","GENBANK","EBI",NA,"United Kingdom",NA,NA,"Chromosome",267487,12853,NA,13428876925,46,47,121,3302151,NA,121,13,502756319,21,15334867051,13429488827,NA,NA,FALSE,"Eukaryota","Streptophyta","Magnoliopsida","Poales","Poaceae","Triticum","Triticum aestivum",0.875748631033893,FALSE
"106","GCA_964488245.1","PRJEB60701",NA,"Triticum aestivum","4565","Triticum aestivum","GENBANK","EBI",NA,"United Kingdom",NA,NA,"Chromosome",212400,16463,NA,13461083245,46,47,121,3055547,NA,121,13,468643331,21,14609379875,13461853453,NA,NA,FALSE,"Eukaryota","Streptophyta","Magnoliopsida","Poales","Poaceae","Triticum","Triticum aestivum",0.921452763100254,FALSE
"107","GCA_964494315.1","PRJEB60701",NA,"Triticum aestivum","4565","Triticum aestivum","GENBANK","EBI",NA,"United Kingdom",NA,NA,"Chromosome",224273,15666,NA,13347238049,46,50,121,3032476,NA,121,13,501004345,21,14544187080,13347932174,NA,NA,FALSE,"Eukaryota","Streptophyta","Magnoliopsida","Poales","Poaceae","Triticum","Triticum aestivum",0.917750308118286,FALSE
"108","GCA_964498365.1","PRJEB60701",NA,"Triticum aestivum","4565","Triticum aestivum","GENBANK","EBI",NA,"United Kingdom",NA,NA,"Chromosome",198381,18020,NA,13489059293,46,50,121,3034050,NA,121,13,491265411,21,14606342039,13489805423,NA,NA,FALSE,"Eukaryota","Streptophyta","Magnoliopsida","Poales","Poaceae","Triticum","Triticum aestivum",0.923558094626378,FALSE
"109","GCA_964499505.1","PRJEB60701",NA,"Triticum aestivum","4565","Triticum aestivum","GENBANK","EBI",NA,"United Kingdom",NA,NA,"Chromosome",238871,14619,NA,13349941058,46,46,121,3034721,NA,121,12,580285563,21,14808744357,13350650519,NA,NA,FALSE,"Eukaryota","Streptophyta","Magnoliopsida","Poales","Poaceae","Triticum","Triticum aestivum",0.901538320680729,FALSE
"110","GCA_964500185.1","PRJEB60701",NA,"Triticum aestivum","4565","Triticum aestivum","GENBANK","EBI",NA,"France",NA,NA,"Chromosome",199773,17967,NA,13421429527,46,45,121,2942162,NA,121,12,579157196,21,14678181592,13422212096,NA,NA,FALSE,"Eukaryota","Streptophyta","Magnoliopsida","Poales","Poaceae","Triticum","Triticum aestivum",0.914432895646656,FALSE
"111","GCA_964506145.1","PRJEB60701",NA,"Triticum aestivum","4565","Triticum aestivum","GENBANK","EBI",NA,"United Kingdom",NA,NA,"Chromosome",265278,13054,NA,13485858769,46,45,121,3273091,NA,121,13,503638364,21,15194353121,13486553209,NA,NA,FALSE,"Eukaryota","Streptophyta","Magnoliopsida","Poales","Poaceae","Triticum","Triticum aestivum",0.887602986556916,FALSE
"112","GCA_900231445.1","PRJEB22687",NA,"Triticum turgidum subsp. durum","4567","Triticum turgidum subsp. durum","GENBANK","EBI",NA,NA,NA,NA,"Chromosome",50989,57921,NA,9836562273,46,270,14,330244,NA,14,7,722970987,14,9964338633,9836562273,NA,NA,FALSE,"Eukaryota","Streptophyta","Magnoliopsida","Poales","Poaceae","Triticum","Triticum turgidum",0.987176634124333,FALSE
"113","GCA_940337035.1","PRJEB47908",NA,"Agriotes lineatus","292458","Agriotes lineatus","GENBANK","EBI",NA,"Canada",NA,NA,"Chromosome",4905,201347,NA,3159019153,36,6,14154,23837,NA,14154,10,95282374,10,3159863714,3159019153,NA,NA,FALSE,"Eukaryota","Arthropoda","Insecta","Coleoptera","Elateridae","Agriotes","Agriotes lineatus",0.99973272233348,FALSE
"114","GCA_028627145.1","PRJNA512907",NA,"Eidolon dupreanum","58063","Eidolon dupreanum","GENBANK","Baylor College of Medicine",NA,"not collected","not collected","not collected","Chromosome",4524,109255,NA,2286172677,40.5,137,1191098,1209684,NA,1191098,9,101563129,17,2294267257,2286172677,NA,NA,FALSE,"Eukaryota","Chordata","Mammalia","Chiroptera","Pteropodidae","Eidolon","Eidolon dupreanum",0.996471823421921,FALSE
"115","GCA_046463885.1","PRJNA1003804",NA,"Citrus maxima","37334","Citrus maxima","GENBANK","Huazhong Agricultural University",NA,"China",NA,"not applicable","Chromosome",39,2721718,NA,365408838,36.5,1.2,302,531,NA,302,5,31181466,9,365522392,365408876,NA,NA,FALSE,"Eukaryota","Streptophyta","Magnoliopsida","Sapindales","Rutaceae","Citrus","Citrus maxima",0.999689441734667,FALSE
"116","GCA_003448955.2","PRJNA473393",NA,"Anopheles stephensi","30069","Anopheles stephensi","GENBANK","Institute of Bioinformatics and Applied Biotechnology",NA,NA,NA,"missing","Chromosome",448,88157,NA,160758371,45,1,5,5653,NA,5,2,51436555,5,193543668,160758479,NA,NA,FALSE,"Eukaryota","Arthropoda","Insecta","Diptera","Culicidae","Anopheles","Anopheles stephensi",0.830605726662161,FALSE
"117","GCA_003448975.2","PRJNA473393",NA,"Anopheles stephensi","30069","Anopheles stephensi","GENBANK","Institute of Bioinformatics and Applied Biotechnology",NA,NA,NA,"missing","Chromosome",981,44910,NA,168835253,45.5,1,5,7338,NA,5,2,43030556,5,180467922,168837391,NA,NA,FALSE,"Eukaryota","Arthropoda","Insecta","Diptera","Culicidae","Anopheles","Anopheles stephensi",0.935553471935029,FALSE
"118","GCA_035128595.1","PRJNA953751",NA,"Eptatretus atami","50612","Eptatretus atami","GENBANK","University College London",NA,"Pacific Ocean: Suruga Bay",NA,NA,"Chromosome",57782,12689,NA,2380116513,43.5,250,6307,712472,NA,6307,7,147609921,17,2517612418,2380116513,NA,NA,FALSE,"Eukaryota","Chordata","Myxini","Myxiniformes","Myxinidae","Eptatretus","Eptatretus atami",0.945386389097482,FALSE
"119","GCA_024364805.1","PRJNA661684",NA,"Euprymna scolopes","6613","Euprymna scolopes","GENBANK","University Vienna",NA,"USA: Hawaii","Hawaii, USA",NA,"Chromosome",237408,3675,NA,3314970704,34,10,1735,1535427,NA,1735,17,120303996,48,5116329061,3314970704,NA,NA,FALSE,"Eukaryota","Mollusca","Cephalopoda","Sepiida","Sepiolidae","Euprymna","Euprymna scolopes",0.647919761312632,FALSE
"120","GCA_028658305.1","PRJNA512907",NA,"Pachyuromys duprasi","298894","Pachyuromys duprasi","GENBANK","Baylor College of Medicine",NA,"not collected","not collected","not collected","Chromosome",13048,47672,NA,2470903963,42,82,502065,551819,NA,502065,12,70283636,27,2488923329,2470903963,NA,NA,FALSE,"Eukaryota","Chordata","Mammalia","Rodentia","Muridae","Pachyuromys","Pachyuromys duprasi",0.992760176342097,FALSE
"121","GCA_015228065.1","PRJNA611030",NA,"Penaeus monodon","6687","Penaeus monodon","GENBANK","National Center for Genetic Engineering and Biotechnology,Thailand",NA,"Thailand:SuratThani","shrimp genetic improvement center",NA,"Chromosome",8354,45084,NA,2000767487,36.5,189,26875,1185584,NA,26875,23,44862054,44,2394331783,2000767610,NA,NA,FALSE,"Eukaryota","Arthropoda","Malacostraca","Decapoda","Penaeidae","Penaeus","Penaeus monodon",0.835626718153956,FALSE
"122","GCA_028533245.1","PRJNA512907",NA,"Helarctos malayanus","9634","Helarctos malayanus","GENBANK","Baylor College of Medicine",NA,"not collected","not collected","not collected","Chromosome",9389,73706,NA,2473195545,42,105,726300,762462,NA,726300,16,59704986,37,2486327345,2473195545,NA,NA,FALSE,"Eukaryota","Chordata","Mammalia","Carnivora","Ursidae","Helarctos","Helarctos malayanus",0.994718394572457,FALSE
"123","GCA_028533765.1","PRJNA512907",NA,"Pteropus rufus","196297","Pteropus rufus","GENBANK","Baylor College of Medicine",NA,"not collected","not collected","not collected","Chromosome",2680,213999,NA,2089525232,40,105,469091,483369,NA,469091,8,110476781,19,2094173032,2089525232,NA,NA,FALSE,"Eukaryota","Chordata","Mammalia","Chiroptera","Pteropodidae","Pteropus","Pteropus rufus",0.997780603642116,FALSE
"124","GCA_028643795.1","PRJNA512907",NA,"Sciurus carolinensis","30640","Sciurus carolinensis","GENBANK","Baylor College of Medicine",NA,"not collected","not collected","not collected","Chromosome",40579,16665,NA,3160833808,40.5,80,2067066,2117925,NA,2067066,17,37295854,20,3182857308,3160833808,NA,NA,FALSE,"Eukaryota","Chordata","Mammalia","Rodentia","Sciuridae","Sciurus","Sciurus carolinensis",0.993080588330289,FALSE
"125","GCA_006151565.1","PRJNA529655",NA,"Cicer arietinum","3827","Cicer arietinum","GENBANK","International Center for Agricultural Research in the Dry Areas",NA,"Egypt: Giza",NA,"chickpea","Chromosome",33895,2350,NA,298659503,31,47.4,8,385098,NA,8,4,48359835,8,347246965,299515872,NA,NA,FALSE,"Eukaryota","Streptophyta","Magnoliopsida","Fabales","Fabaceae","Cicer","Cicer arietinum",0.862544247146984,FALSE
"126","GCA_006345785.1","PRJNA529655",NA,"Cicer arietinum","3827","Cicer arietinum","GENBANK","International Center for Agricultural Research in the Dry Areas",NA,"Egypt: Giza",NA,"chickpea","Chromosome",36080,2241,NA,300588942,31,47,8,386573,NA,8,4,48359927,8,347247283,301528204,NA,NA,FALSE,"Eukaryota","Streptophyta","Magnoliopsida","Fabales","Fabaceae","Cicer","Cicer arietinum",0.868338555150049,FALSE
"127","GCA_964339095.1","PRJEB65276",NA,"Hordeum vulgare","4513","Hordeum vulgare","GENBANK","EBI",NA,"missing: lab stock",NA,NA,"Chromosome",4491,277288,NA,4019849480,44.5,6,654,21313,NA,654,4,576643603,7,4021915380,4019849480,NA,NA,FALSE,"Eukaryota","Streptophyta","Magnoliopsida","Poales","Poaceae","Hordeum","Hordeum vulgare",0.999486339267536,FALSE
"128","GCA_964339105.1","PRJEB65276",NA,"Hordeum vulgare","4513","Hordeum vulgare","GENBANK","EBI",NA,"missing: lab stock",NA,NA,"Chromosome",2903,433624,NA,4136959365,44.5,7,814,15082,NA,814,4,593316358,7,4138386165,4136959365,NA,NA,FALSE,"Eukaryota","Streptophyta","Magnoliopsida","Poales","Poaceae","Hordeum","Hordeum vulgare",0.999655227921438,FALSE
"129","GCA_964339115.1","PRJEB65276",NA,"Hordeum vulgare","4513","Hordeum vulgare","GENBANK","EBI",NA,"missing: lab stock",NA,NA,"Chromosome",5557,228576,NA,4029564380,44.5,6,1306,26166,NA,1306,4,577821077,7,4032050380,4029564380,NA,NA,FALSE,"Eukaryota","Streptophyta","Magnoliopsida","Poales","Poaceae","Hordeum","Hordeum vulgare",0.999383440243621,FALSE
"130","GCA_902375235.1","PRJEB33872",NA,"Hordeum vulgare subsp. vulgare","112509","Hordeum vulgare subsp. vulgare","GENBANK","EBI",NA,NA,NA,NA,"Chromosome",55368,19389,NA,4446444569,44.5,822,988932,1028567,NA,36793,4,657224000,7,4830075821,4446842310,NA,NA,FALSE,"Eukaryota","Streptophyta","Magnoliopsida","Poales","Poaceae","Hordeum","Hordeum vulgare",0.920656833308125,FALSE
"131","GCA_903970725.1","PRJEB35962",NA,"Hordeum vulgare subsp. vulgare","112509","Hordeum vulgare subsp. vulgare","GENBANK","EBI",NA,NA,NA,NA,"Chromosome",33778,36357,NA,4377031671,44.5,200,322406,581419,NA,322406,4,665297378,7,4837636723,4377107790,NA,NA,FALSE,"Eukaryota","Streptophyta","Magnoliopsida","Poales","Poaceae","Hordeum","Hordeum vulgare",0.904802911138311,FALSE
"132","GCA_905310525.1","PRJEB43157",NA,"Hordeum vulgare subsp. vulgare","112509","Hordeum vulgare subsp. vulgare","GENBANK","EBI",NA,NA,NA,NA,"Chromosome",45287,24793,NA,3986223468,44.5,200,52651,484675,NA,52651,4,571018318,7,4064890003,3986355802,NA,NA,FALSE,"Eukaryota","Streptophyta","Magnoliopsida","Poales","Poaceae","Hordeum","Hordeum vulgare",0.980679870564261,FALSE
"133","GCA_052939155.1","PRJNA1168413",NA,"Malus domestica","3750","Malus domestica","GENBANK","ETH Zurich",NA,"Switzerland: Wadenswill",NA,NA,"Chromosome",103,1613230,NA,676473061,38,8.5,17,776,NA,17,8,38263905,17,676548961,676473061,NA,NA,FALSE,"Eukaryota","Streptophyta","Magnoliopsida","Rosales","Rosaceae","Malus","Malus domestica",0.999887812997469,FALSE
"134","GCA_052939175.1","PRJNA1168414",NA,"Malus domestica","3750","Malus domestica","GENBANK","ETH Zurich",NA,"Switzerland: Wadenswill",NA,NA,"Chromosome",82,1494488,NA,592340460,38,8.5,17,679,NA,17,8,33677994,17,592406660,592340460,NA,NA,FALSE,"Eukaryota","Streptophyta","Magnoliopsida","Rosales","Rosaceae","Malus","Malus domestica",0.999888252437945,FALSE
"135","GCA_000346465.2","PRJNA31227",NA,"Prunus persica","3760","Prunus persica","GENBANK","US DOE Joint Genome Institute",NA,NA,NA,NA,"Chromosome",250,255416,NA,224638898,37.5,8.47,2530,2530,NA,191,4,27368013,8,227411381,224638928,NA,NA,FALSE,"Eukaryota","Streptophyta","Magnoliopsida","Rosales","Rosaceae","Prunus","Prunus persica",0.9878086444583,FALSE
"136","GCA_000263155.2","PRJNA32913",NA,"Setaria italica","4555","Setaria italica","GENBANK","US DOE Joint Genome Institute",NA,NA,NA,NA,"Chromosome",982,126273,NA,400908904,46,6.96,6778,6778,NA,336,4,47252588,9,405732883,400908904,NA,NA,FALSE,"Eukaryota","Streptophyta","Magnoliopsida","Poales","Poaceae","Setaria","Setaria italica",0.988110455912936,FALSE
"137","GCA_000003195.3","PRJNA13876",NA,"Sorghum bicolor","4558","Sorghum bicolor","GENBANK","US DOE Joint Genome Institute",NA,NA,NA,NA,"Chromosome",78,1310030,NA,675363888,44,8,4773,4773,NA,867,5,68658214,10,708735318,675363888,NA,NA,FALSE,"Eukaryota","Streptophyta","Magnoliopsida","Poales","Poaceae","Sorghum","Sorghum bicolor",0.952914114546779,FALSE
"138","GCA_052327185.1","PRJNA1306320",NA,"Aquarius paludum","95691","Aquarius paludum","GENBANK","Institute of Entomology, College of Life Sciences, Nankai University",NA,"China: Tianjin","lake",NA,"Chromosome",35,5967280,NA,1011752201,30.5,1,28,405,NA,28,5,92888411,12,1011789901,1011752201,NA,NA,FALSE,"Eukaryota","Arthropoda","Insecta","Hemiptera","Gerridae","Aquarius","Aquarius paludum",0.999962739299965,FALSE
"139","GCA_050437405.1","PRJNA1083617",NA,"Bombus bimaculatus","309944","Bombus bimaculatus","GENBANK","United States Department of Agriculture",NA,"USA: AL, Tuscaloosa, University of Alabama Arboretum",NA,NA,"Chromosome",71,1308345,NA,334443207,37.5,6.99,1669,1868,NA,1669,11,12558891,19,334463107,334443207,NA,NA,FALSE,"Eukaryota","Arthropoda","Insecta","Hymenoptera","Apidae","Bombus","Bombus bimaculatus",0.999940501658977,FALSE
"140","GCA_018400075.1","PRJNA482650",NA,"Danio rerio","7955","Danio rerio","GENBANK","North Carolina State University",NA,NA,NA,NA,"Chromosome",270,1203134,NA,1336794241,36.5,5,25,19448,NA,25,11,54124915,25,1338639271,1336796155,NA,NA,FALSE,"Eukaryota","Chordata","Actinopteri","Cypriniformes","Danionidae","Danio","Danio rerio",0.99862314214148,FALSE
"141","GCA_052815195.1","PRJNA1304680",NA,"Elysia leucolegnote","1522334","Elysia leucolegnote","GENBANK","Hainan Normal University",NA,"China:Hainan","mangrove mud",NA,"Chromosome",123878,1154,NA,505993165,35,89,538,1032186,NA,538,4,62804774,15,776755396,505993307,NA,NA,FALSE,"Eukaryota","Mollusca","Gastropoda","","Plakobranchidae","Elysia","Elysia leucolegnote",0.651419107747016,FALSE
"142","GCA_000233375.4","PRJNA72713",NA,"Salmo salar","8030","Salmo salar","GENBANK","University of Victoria",NA,NA,NA,NA,"Chromosome",14749,36085,9418,3064104554,43,206,839389,965912,NA,839389,594,592762,29,3412113583,3064112202,NA,NA,FALSE,"Eukaryota","Chordata","Actinopteri","Salmoniformes","Salmonidae","Salmo","Salmo salar",0.898010024421863,FALSE
"143","GCA_028551405.1","PRJNA512907",NA,"Uromys caudimaculatus","36800","Uromys caudimaculatus","GENBANK","Baylor College of Medicine",NA,"not collected","not collected","not collected","Chromosome",14440,49660,NA,2598247434,41.5,122,559416,611178,NA,559416,11,99048585,23,2615851634,2598247434,NA,NA,FALSE,"Eukaryota","Chordata","Mammalia","Rodentia","Muridae","Uromys","Uromys caudimaculatus",0.993270184068857,FALSE
"144","GCA_910574625.1","PRJEB45067",NA,"Avena byzantina","146531","Avena byzantina","GENBANK","EBI",NA,NA,NA,NA,"Chromosome",138506,21838,NA,11423866848,44,200,532780,1512271,NA,532780,11,527823683,21,12798804213,11424388231,NA,NA,FALSE,"Eukaryota","Streptophyta","Magnoliopsida","Poales","Poaceae","Avena","Avena byzantina",0.892613719287621,FALSE
"145","GCA_000004515.5","PRJNA19861",NA,"Glycine max","3847","Glycine max","GENBANK","Joint Genome Institute, U.S. Department of Energy",NA,NA,NA,NA,"Chromosome",650,419290,64,952478021,34.5,8.05,9197,9197,NA,345,18,20441467,20,978386919,952478023,NA,NA,FALSE,"Eukaryota","Streptophyta","Magnoliopsida","Fabales","Fabaceae","Glycine","Glycine max",0.973518762877082,FALSE
"146","GCA_014155035.1","PRJNA596862",NA,"Prunus avium","42229","Prunus avium","GENBANK","Shandong Institute of Pomology",NA,"China: Shandong",NA,NA,"Chromosome",32,3247195,NA,344285157,38.5,1,61,610,NA,61,4,42624765,8,344341978,344287078,NA,NA,FALSE,"Eukaryota","Streptophyta","Magnoliopsida","Rosales","Rosaceae","Prunus","Prunus avium",0.999840565474129,FALSE
"147","GCA_002197005.1","PRJNA324173",NA,"Cervus elaphus hippelaphus","46360","Cervus elaphus hippelaphus","GENBANK","National Agricultural Research and Innovation Centre",NA,NA,NA,NA,"Chromosome",64532,7944,NA,1960762966,41.5,74,11479,406637,NA,11479,13,107358006,35,3438623608,1960832178,NA,NA,FALSE,"Eukaryota","Chordata","Mammalia","Artiodactyla","Cervidae","Cervus","Cervus elaphus",0.570237514055944,FALSE
"148","GCA_028646535.1","PRJNA512907",NA,"Procyon lotor","9654","Procyon lotor","GENBANK","Baylor College of Medicine",NA,NA,NA,"not collected","Chromosome",20058,34230,NA,2505092287,42,86,819431,877198,NA,819431,9,114539748,19,2525713215,2505092287,NA,NA,FALSE,"Eukaryota","Chordata","Mammalia","Carnivora","Procyonidae","Procyon","Procyon lotor",0.991835601968769,FALSE
"149","GCA_910574605.1","PRJEB44810",NA,"Avena sativa","4498","Avena sativa","GENBANK","EBI",NA,NA,NA,NA,"Chromosome",132485,21001,NA,10240882062,44,200,529781,1826238,NA,529781,11,489887590,21,10958296824,10240882316,NA,NA,FALSE,"Eukaryota","Streptophyta","Magnoliopsida","Poales","Poaceae","Avena","Avena sativa",0.934532298264747,FALSE
"150","GCA_000164945.1","PRJDA39809",NA,"Oryza sativa Japonica Group","39947","Oryza sativa Japonica Group","GENBANK","Agrogenomics Research Center, National Institute of Agrobiological Sciences",NA,NA,NA,NA,"Chromosome",23951,3191,NA,306136013,43,15.7,654543,654543,NA,12,6,30828668,12,382150945,306177972,NA,NA,FALSE,"Eukaryota","Streptophyta","Magnoliopsida","Poales","Poaceae","Oryza","Oryza sativa",0.801196427762334,FALSE
"151","GCA_000978405.1","PRJNA261263",NA,"Capra aegagrus","9923","Capra aegagrus","GENBANK","BGI",NA,"Iran:Bamu National Park",NA,NA,"Chromosome",39764,19347,NA,2593727656,42,83.54,368693,368693,NA,89498,13,91317560,31,2828873048,2593727656,NA,NA,FALSE,"Eukaryota","Chordata","Mammalia","Artiodactyla","Bovidae","Capra","Capra aegagrus",0.916876654409696,FALSE
"152","GCA_028533875.1","PRJNA512907",NA,"Mungos mungo","210652","Mungos mungo","GENBANK","Baylor College of Medicine",NA,"not collected","not collected","not collected","Chromosome",10683,60614,NA,2478946417,42,77,572361,614368,NA,572361,9,128516143,18,2494883117,2478946417,NA,NA,FALSE,"Eukaryota","Chordata","Mammalia","Carnivora","Herpestidae","Mungos","Mungos mungo",0.99361224584374,FALSE
"153","GCA_000002265.1","PRJNA13999",NA,"Rattus norvegicus","10116","Rattus norvegicus","GENBANK","Celera",NA,NA,NA,NA,"Chromosome",22766,34564,230,2807682847,42,NA,503452,503452,NA,392288,35,25208765,21,2931643592,2807682847,NA,NA,FALSE,"Eukaryota","Chordata","Mammalia","Rodentia","Muridae","Rattus","Rattus norvegicus",0.957716297663785,FALSE
"154","GCA_050662955.1","PRJNA1094976",NA,"Pinus radiata","3347","Pinus radiata","GENBANK","Scion research",NA,"New Zealand: Rotorua",NA,NA,"Chromosome",35286,175053,NA,22386080857,38,25,305167,337437,NA,305167,23514,221616,12,22408479511,22386133010,NA,NA,FALSE,"Eukaryota","Streptophyta","Pinopsida","Pinales","Pinaceae","Pinus","Pinus radiata",0.999002765850801,FALSE
"155","GCA_028533885.1","PRJNA512907",NA,"Nasua narica","352831","Nasua narica","GENBANK","Baylor College of Medicine",NA,"not collected","not collected","not collected","Chromosome",10510,64559,NA,2596641939,42,105,1091317,1127599,NA,1091317,9,119764535,19,2610174539,2596641939,NA,NA,FALSE,"Eukaryota","Chordata","Mammalia","Carnivora","Procyonidae","Nasua","Nasua narica",0.994815442493288,FALSE
"156","GCA_028533385.1","PRJNA512907",NA,"Panthera onca","9690","Panthera onca","GENBANK","Baylor College of Medicine",NA,"not collected","not collected","not collected","Chromosome",14196,51083,NA,2481702542,41.5,104,410583,466954,NA,410583,8,132627732,19,2498323642,2481702542,NA,NA,FALSE,"Eukaryota","Chordata","Mammalia","Carnivora","Felidae","Panthera","Panthera onca",0.993347098942436,FALSE
"157","GCA_028534135.1","PRJNA512907",NA,"Potos flavus","29067","Potos flavus","GENBANK","Baylor College of Medicine",NA,"not collected","not collected","not collected","Chromosome",10176,65113,NA,2450427517,42,132,841001,878264,NA,841001,9,121721779,19,2465739417,2450427517,NA,NA,FALSE,"Eukaryota","Chordata","Mammalia","Carnivora","Procyonidae","Potos","Potos flavus",0.993790138611391,FALSE
"158","GCA_000002195.1","PRJNA10625",NA,"Apis mellifera","7460","Apis mellifera","GENBANK","Baylor College of Medicine",NA,NA,NA,NA,"Chromosome",1390,45688,324,229105558,32.5,8,16501,16501,NA,5644,65,997192,16,250270657,229107307,NA,NA,FALSE,"Eukaryota","Arthropoda","Insecta","Hymenoptera","Apidae","Apis","Apis mellifera",0.915438149027595,FALSE
"159","GCA_004361675.1","PRJNA492932",NA,"Capra hircus","9925","Capra hircus","GENBANK","Chittagong Veterinary and Animal Sciences University",NA,NA,NA,"Bengal","Chromosome",826472,819,NA,2316341588,42,14,3972,3696314,NA,3972,13,102339471,29,3041623660,2316815090,NA,NA,FALSE,"Eukaryota","Chordata","Mammalia","Artiodactyla","Bovidae","Capra","Capra hircus",0.761703402188816,FALSE
"160","GCA_028534125.1","PRJNA512907",NA,"Lama glama","9844","Lama glama","GENBANK","Baylor College of Medicine",NA,"not collected","not collected","not collected","Chromosome",5862,93318,NA,2341702490,41.5,119,1072352,1096291,NA,1072352,15,57409894,37,2351761190,2341702490,NA,NA,FALSE,"Eukaryota","Chordata","Mammalia","Artiodactyla","Camelidae","Lama","Lama glama",0.995722907562736,FALSE
"161","GCA_028644305.1","PRJNA512907",NA,"Xerus rutilus","226860","Xerus rutilus","GENBANK","Baylor College of Medicine",NA,"not collected","not collected","not collected","Chromosome",12206,58140,NA,2735377309,40,112,1123228,1164041,NA,1123228,9,127260801,19,2750758914,2735377309,NA,NA,FALSE,"Eukaryota","Chordata","Mammalia","Rodentia","Sciuridae","Xerus","Xerus rutilus",0.99440823224394,FALSE
"162","GCA_028975605.1","PRJNA905417",NA,"Pusa sibirica","9719","Pusa sibirica","GENBANK","Institute for Molecular and Cellular biology",NA,NA,NA,NA,"Chromosome",46423,14262,NA,2228120034,41,110,49645,326165,NA,49645,7,151453396,16,2335703376,2228364339,NA,NA,FALSE,"Eukaryota","Chordata","Mammalia","Carnivora","Phocidae","Pusa","Pusa sibirica",0.954044234339455,FALSE
"163","GCA_001663975.1","PRJNA313213",NA,"Xenopus laevis","8355","Xenopus laevis","GENBANK","UC Berkeley",NA,NA,NA,NA,"Chromosome",36507,19713,NA,2408707234,39,30,324060,324060,NA,108032,9,136570856,18,2718416252,2408707234,NA,NA,FALSE,"Eukaryota","Chordata","Amphibia","Anura","Pipidae","Xenopus","Xenopus laevis",0.886070053557052,FALSE
"164","GCA_000003055.5","PRJNA32899",NA,"Bos taurus","9913","Bos taurus","GENBANK","Baylor College of Medicine, Human Genome Sequencing Center",NA,NA,NA,NA,"Chromosome",7930,96955,3193,2649383041,42,9,75597,75617,NA,6336,107,6380747,30,2670123310,2649385423,NA,NA,FALSE,"Eukaryota","Chordata","Mammalia","Artiodactyla","Bovidae","Bos","Bos taurus",0.992233359814383,FALSE
"165","GCA_051122635.1","PRJNA1273490",NA,"Bos taurus","9913","Bos taurus","GENBANK","Jilin Academy of Agricultural Sciences",NA,"China: Jilin",NA,NA,"Chromosome",13,86411128,NA,2924301821,42.5,1,79,108,NA,79,12,110773387,30,2924316046,2924301821,NA,NA,FALSE,"Eukaryota","Chordata","Mammalia","Artiodactyla","Bovidae","Bos","Bos taurus",0.999995135614695,FALSE
"166","GCA_031010635.1","PRJNA886700",NA,"Canis lupus familiaris","9615","Canis lupus familiaris","GENBANK","University of Michigan",NA,NA,NA,NA,"Chromosome",60,11505439,NA,2349053215,41,8,159,1021,NA,159,14,64457828,40,2349139519,2349053371,NA,NA,FALSE,"Eukaryota","Chordata","Mammalia","Carnivora","Canidae","Canis","Canis lupus",0.999963327848643,FALSE
"167","GCA_000003115.1","PRJNA32759",NA,"Felis catus","9685","Felis catus","GENBANK",NA,NA,NA,NA,NA,"Chromosome",122526,4577,381,1990617996,42.5,2.8,604560,604920,NA,104434,47,16304361,19,3160286939,1990619120,NA,NA,FALSE,"Eukaryota","Chordata","Mammalia","Carnivora","Felidae","Felis","Felis catus",0.629885563691848,FALSE
